{"stat.useItem.minecraft.bow":15,"stat.pickup.minecraft.wooden_slab":116,"stat.leaveGame":5,"stat.drop.extrautils2.machine":1,"stat.drop.minecraft.gunpowder":1,"stat.drop.mysticalagriculture.inferium_essence":27,"stat.pickup.actuallyadditions.itemCrafterOnAStick":1,"stat.useItem.elevatorid.elevator_white":9,"stat.useItem.extrautils2.goldenlasso":5,"stat.craftItem.exnihiloadscensio.itemOreGold":45,"stat.craftItem.extrautils2.endershard":8,"stat.pickup.minecraft.rotten_flesh":289,"stat.craftItem.ironchest.BlockIronChest":12,"stat.craftItem.minecraft.stone_axe":1,"stat.drop.minecraft.leather_boots":1,"stat.pickup.minecraft.bucket":1,"stat.killEntity.Enderman":23,"stat.mineBlock.minecraft.wooden_slab":49,"stat.useItem.actuallyadditions.itemPickaxeObsidian":23,"achievement.buildPickaxe":2,"stat.killEntity.Witch":9,"stat.craftItem.exnihiloadscensio.blockBarrel0":1,"stat.craftItem.extrautils2.machine":5,"stat.useItem.minecraft.iron_pickaxe":176,"stat.craftItem.tp.diamond_cobblegen_block":1,"stat.pickup.excompressum.heavy_sieve":1,"stat.pickup.exnihiloadscensio.itemSeedAcacia":3,"stat.mineBlock.minecraft.hopper":3,"stat.craftItem.tp.iron_cobblegen_block":1,"stat.furnaceInteraction":146,"stat.drop.minecraft.gravel":1,"stat.useItem.minecraft.pumpkin_seeds":3,"stat.craftItem.exnihiloadscensio.itemOreNickel":2,"stat.pickup.chancecubes.chance_Cube":6,"stat.pickup.refinedstorage.quartz_enriched_iron":2,"stat.craftItem.exnihiloadscensio.itemMesh":2,"stat.pickup.minecraft.sponge":1,"stat.craftItem.excompressum.compressed_crook":1,"stat.pickup.mysticalagriculture.tier1_inferium_seeds":6,"achievement.openInventory":782,"stat.pickup.tp.iron_cobblegen_block":1,"stat.mineBlock.minecraft.fence":2,"stat.pickup.exnihiloadscensio.itemSeedOak":6,"stat.useItem.integrateddynamics.menrilSapling":1,"stat.useItem.minecraft.dye":1,"stat.craftItem.chancecubes.chance_Cube":1,"stat.deaths":174,"stat.pickup.minecraft.egg":5,"stat.craftItem.minecraft.iron_pickaxe":1,"stat.craftItem.immersiveengineering.metal":6,"stat.drop.opencomputers.tool":1,"stat.drop.minecraft.torch":1,"stat.mineBlock.minecraft.tallgrass":16,"stat.pickup.tconstruct.seared":3,"stat.chestOpened":1591,"stat.mineBlock.ironchest.BlockIronChest":6,"stat.useItem.minecraft.stone":2,"stat.pickup.minecraft.arrow":224,"stat.useItem.mysticalagriculture.prudentium_apple":1,"stat.useItem.minecraft.clay":20,"stat.craftItem.minecraft.coal":190,"stat.pickup.exnihiloadscensio.itemOreNickel":9,"stat.mineBlock.elevatorid.elevator_white":4,"stat.pickup.minecraft.carrot":1,"stat.drop.minecraft.stone_sword":1,"stat.crouchOneCm":75587,"stat.pickup.mysticalagriculture.prudentium_apple":1,"stat.craftItem.minecraft.diamond":27,"stat.mineBlock.minecraft.chest":4,"stat.craftItem.minecraft.iron_ingot":86,"stat.craftItem.minecraft.hopper":3,"stat.mineBlock.integrateddynamics.menrilLog":28,"stat.mineBlock.tconstruct.rack":6,"stat.craftItem.tconstruct.pattern":11,"stat.pickup.exnihiloadscensio.itemMaterial":33,"stat.useItem.minecraft.reeds":6,"stat.pickup.minecraft.dye":87,"stat.pickup.minecraft.planks":177,"stat.pickup.minecraft.wheat_seeds":22,"stat.craftItem.tconstruct.slime_congealed":6,"stat.useItem.minecraft.enchanting_table":1,"stat.craftItem.randomthings.advancedItemCollector":1,"stat.useItem.exnihiloadscensio.hammerWood":228,"stat.mineBlock.minecraft.dirt":35,"stat.drop.refinedstorage.quartz_enriched_iron":5,"stat.pickup.exnihiloadscensio.itemSeedPotato":3,"stat.useItem.actuallyadditions.itemAxeCrystalBlack":142,"stat.pickup.immersiveengineering.seed":1,"stat.useItem.minecraft.cobblestone":220,"stat.useItem.minecraft.gravel":67,"stat.pickup.exnihiloadscensio.itemOreLead":11,"stat.craftItem.minecraft.gold_ingot":45,"stat.pickup.randomthings.advancedItemCollector":3,"stat.pickup.minecraft.hopper":2,"stat.pickup.minecraft.chicken":1,"stat.useItem.actuallyadditions.itemAxeObsidian":278,"stat.pickup.minecraft.apple":17,"stat.craftItem.minecraft.bucket":2,"stat.craftItem.minecraft.planks":868,"stat.useItem.minecraft.iron_sword":251,"stat.itemEnchanted":7,"stat.pickup.minecraft.stone_sword":2,"stat.mineBlock.minecraft.log":198,"stat.craftItem.minecraft.wooden_door":3,"stat.pickup.integrateddynamics.menrilBerries":18,"stat.useItem.minecraft.wooden_door":2,"achievement.acquireIron":4,"stat.craftItem.minecraft.paper":3,"stat.pickup.minecraft.red_flower":3,"stat.pickup.minecraft.wool":5,"stat.craftItem.exnihiloadscensio.itemMaterial":24,"stat.useItem.minecraft.wooden_axe":46,"stat.mineBlock.integrateddynamics.menrilLogFilled":2,"stat.breakItem.minecraft.leather_leggings":1,"stat.craftItem.minecraft.cobblestone":44,"stat.mineBlock.darkutils.trap_move":90,"stat.pickup.exnihiloadscensio.blockBarrel0":1,"stat.killEntity.headcrumbs.Human":87,"stat.pickup.minecraft.bookshelf":8,"stat.useItem.minecraft.iron_axe":295,"stat.mineBlock.minecraft.cobblestone":88,"stat.mineBlock.minecraft.pumpkin":12,"stat.mineBlock.minecraft.yellow_flower":1,"stat.pickup.extrautils2.spike_diamond":1,"stat.craftItem.minecraft.wool":184,"stat.drop.minecraft.cobblestone":5,"achievement.buildWorkBench":2,"stat.useItem.exnihiloadscensio.crookWood":774,"stat.useItem.minecraft.cookie":4,"stat.pickup.minecraft.bow":8,"stat.craftItem.minecraft.furnace":3,"stat.craftItem.minecraft.lapis_block":1,"stat.useItem.minecraft.egg":6,"stat.useItem.mob_grinding_utils.fan":8,"stat.mineBlock.minecraft.clay":20,"stat.pickup.actuallyadditions.itemHelmCrystalBlack":1,"stat.flyOneCm":1227638,"stat.timeSinceDeath":21070,"stat.useItem.minecraft.wooden_slab":732,"stat.killEntity.Bat":198,"stat.pickup.hatchery.chickenmanure":10,"stat.craftItem.exnihiloadscensio.hammerWood":1,"stat.pickup.exnihiloadscensio.itemOreGold":15,"stat.useItem.tconstruct.rack":12,"stat.killEntity.Creeper":12,"stat.breakItem.minecraft.iron_sword":1,"stat.pickup.extrautils2.ingredients":2,"stat.pickup.minecraft.string":1033,"stat.drop.minicoal.miniCoal":3,"stat.entityKilledBy.Skeleton":21,"stat.craftItem.tconstruct.stone_stick":4,"achievement.buildSword":1,"stat.drop.minecraft.oak_stairs":1,"stat.useItem.minecraft.written_book":1,"stat.craftItem.excompressum.heavy_sieve":1,"stat.craftItem.tconstruct.tooltables":14,"stat.sprintOneCm":1399866,"stat.craftItem.minecraft.wooden_axe":1,"integrateddynamics.meneglinDiscovery":30,"stat.mineBlock.integrateddynamics.menrilLeaves":81,"stat.pickup.minecraft.leather_leggings":1,"achievement.killEnemy":307,"stat.pickup.minecraft.sugar":1,"stat.killEntity.Zombie":67,"stat.craftItem.minecraft.dye":1,"stat.pickup.minecraft.snowball":3,"stat.pickup.enderio.blockEndermanSkull":1,"stat.craftItem.minecraft.diamond_axe":1,"stat.pickup.actuallyadditions.blockSmileyCloud":1,"stat.pickup.minecraft.wheat":5,"stat.pickup.tconstruct.tooltables":2,"stat.pickup.exnihiloadscensio.itemSeedJungle":3,"stat.mineBlock.tp.iron_cobblegen_block":1,"stat.craftItem.minecraft.cooked_porkchop":12,"stat.mineBlock.randomthings.advancedItemCollector":3,"stat.useItem.randomthings.advancedItemCollector":4,"stat.drop.lootbags.itemlootbag":3,"stat.craftItem.harvestcraft.market":1,"stat.pickup.minecraft.obsidian":2,"stat.pickup.exnihiloadscensio.itemPebble":347,"stat.useItem.woodenshears.wshears":152,"stat.jump":4619,"stat.useItem.minecraft.sand":102,"stat.pickup.actuallyadditions.itemHairyBall":1,"stat.pickup.minecraft.iron_ingot":5,"stat.craftItem.minecraft.lever":13,"stat.useItem.exnihiloadscensio.itemSeedSugarcane":1,"stat.pickup.minecraft.gunpowder":129,"stat.craftItem.minecraft.torch":92,"stat.craftItem.exnihiloadscensio.itemOreLead":2,"stat.pickup.minecraft.dirt":87,"stat.breakItem.minecraft.leather_chestplate":2,"stat.useItem.ironchest.BlockIronChest":10,"stat.drop.darkutils.trap_move":2,"stat.pickup.exnihiloadscensio.itemSeedSugarcane":4,"stat.useItem.minecraft.sapling":21,"stat.pickup.minecraft.iron_axe":1,"stat.damageTaken":43836,"stat.craftItem.extrautils2.goldenlasso":1,"stat.mineBlock.minecraft.torch":22,"stat.mineBlock.minecraft.red_flower":3,"stat.mineBlock.minecraft.melon_block":16,"stat.pickup.minecraft.written_book":3,"stat.pickup.immersiveengineering.metal":1,"stat.pickup.rftoolsdim.dimlet_parcel":1,"stat.pickup.minecraft.quartz_block":4,"stat.breakItem.minecraft.iron_leggings":1,"stat.entityKilledBy.Zombie":9,"stat.pickup.minecraft.diamond_axe":1,"stat.craftItem.exnihiloadscensio.blockSieve":1,"stat.useItem.hatchery.chickenmanure":3,"stat.craftItem.exnihiloadscensio.itemOreAluminium":2,"stat.craftItem.minecraft.stone_slab":78,"stat.useItem.minecraft.chest":39,"stat.drop.minecraft.wheat":5,"stat.mineBlock.exnihiloadscensio.blockSieve":2,"stat.pickup.exnihiloadscensio.blockSieve":2,"stat.pickup.minecraft.ender_pearl":13,"stat.drop.minecraft.wooden_slab":3,"stat.mobKills":522,"stat.drop.botania.lexicon":1,"stat.pickup.minecraft.diamond":1,"stat.pickup.minecraft.torch":26,"stat.drop.minecraft.arrow":3,"stat.breakItem.exnihiloadscensio.crookWood":6,"stat.useItem.betterbuilderswands.wandIron":21,"stat.pickup.integrateddynamics.crystalizedMenrilChunk":4,"stat.craftItem.minecraft.iron_axe":2,"stat.useItem.harvestcraft.market":1,"stat.pickup.gravestone.death_info":44,"stat.drop.actuallyadditions.itemCrafterOnAStick":2,"stat.useItem.minecraft.planks":217,"stat.useItem.chancecubes.chance_Cube":11,"stat.pickup.minecraft.glowstone_dust":14,"stat.drop.tconstruct.slime_boots":1,"stat.pickup.minecraft.porkchop":5,"stat.pickup.minecraft.blaze_powder":10,"stat.useItem.minecraft.water_bucket":12,"achievement.overpowered":1,"stat.pickup.minecraft.sand":76,"stat.pickup.darkutils.trap_move":83,"stat.entityKilledBy.Spider":9,"stat.breakItem.exnihiloadscensio.hammerWood":3,"stat.craftItem.exnihiloadscensio.blockCrucible":2,"stat.drop.hatchery.chickenmanure":4,"stat.pickup.botania.manaBottle":1,"stat.useItem.exnihiloadscensio.blockCrucible":1,"stat.useItem.minecraft.ender_pearl":1,"stat.mineBlock.minecraft.sand":95,"stat.pickup.elevatorid.elevator_white":4,"achievement.buildBetterPickaxe":2,"stat.hopperInspected":36,"stat.useItem.excompressum.heavy_sieve":3,"stat.drop.gravestone.death_info":169,"stat.craftItem.exnihiloadscensio.itemOreIron":15,"stat.mineBlock.chancecubes.chance_Cube":15,"stat.drop.betterbuilderswands.wandStone":2,"stat.craftItem.exnihiloadscensio.itemOreSilver":3,"stat.pickup.minecraft.furnace":2,"achievement.actuallyadditions.nameSmileyCloud":9,"achievement.mineWood":78,"stat.pickup.minecraft.skull":6,"stat.craftItem.randomthings.itemCollector":1,"stat.craftItem.chickens.colored_egg":1,"achievement.environmentaltech.open_guide":1,"stat.pickup.minecraft.pumpkin_seeds":10,"stat.useItem.minecraft.hopper":5,"stat.playOneMinute":732878,"stat.pickup.tconstruct.rack":11,"stat.drop.minecraft.string":4,"stat.pickup.minecraft.diamond_block":12,"stat.craftItem.minecraft.diamond_block":1,"stat.useItem.tp.iron_cobblegen_block":1,"stat.drop.minecraft.chest":1,"stat.craftItem.darkutils.trap_move":56,"stat.pickup.exnihiloadscensio.itemMesh":4,"stat.pickup.minecraft.pumpkin":12,"stat.craftItem.tp.cobblegen_block":1,"stat.pickup.exnihiloadscensio.itemSeedBirch":1,"stat.breakItem.minecraft.leather_helmet":2,"stat.fallOneCm":298748,"stat.drop.minecraft.stone":1,"stat.pickup.minecraft.melon_seeds":27,"stat.drop.bloodmagic.ItemSacrificialDagger":1,"stat.craftItem.minecraft.chest":34,"stat.entityKilledBy.headcrumbs.Human":19,"stat.pickup.minecraft.melon":58,"stat.useItem.farmingforblockheads.market":1,"stat.pickup.minecraft.feather":2,"stat.drop.minecraft.bone":4,"stat.pickup.minecraft.record_cat":1,"stat.useItem.minecraft.furnace":2,"stat.pickup.exnihiloadscensio.itemSeedDarkOak":4,"stat.useItem.excompressum.compressed_crook":162,"stat.craftItem.extrautils2.ingredients":2,"stat.mineBlock.minecraft.gravel":67,"stat.pickup.mob_grinding_utils.fan":4,"stat.breakItem.minecraft.diamond_axe":1,"stat.drop.minecraft.stick":1,"stat.useItem.chickens.colored_egg":1,"stat.useItem.minecraft.torch":57,"stat.pickup.minecraft.golden_apple":3,"stat.useItem.minecraft.log":9,"stat.pickup.minecraft.crafting_table":8,"stat.craftItem.minecraft.crafting_table":2,"stat.pickup.minecraft.redstone_block":9,"stat.pickup.minecraft.log":301,"stat.craftItem.mob_grinding_utils.fan":5,"stat.pickup.minecraft.web":3,"stat.pickup.actuallyadditions.itemSwordObsidian":1,"stat.pickup.minecraft.sapling":193,"stat.pickup.exnihiloadscensio.itemOreCopper":18,"stat.entityKilledBy.Enderman":5,"stat.craftItem.exnihiloadscensio.itemOreCopper":3,"stat.pickup.integrateddynamics.menrilLog":30,"stat.pickup.actuallyadditions.itemMisc":13,"stat.pickup.extrautils2.spike_iron":34,"ftbl.stat.first_joined":{"value":0,"progress":1602012765148},"stat.craftItem.woodenshears.wshears":4,"stat.craftItem.minecraft.sugar":18,"stat.sneakTime":20672,"stat.craftItem.enderstorage.enderPouch":1,"stat.drop.minecraft.bucket":1,"stat.pickup.minecraft.yellow_flower":1,"stat.mineBlock.minecraft.jukebox":1,"stat.drop.minecraft.wooden_axe":1,"stat.pickup.minecraft.chest":2,"stat.craftItem.minecraft.enchanting_table":1,"stat.useItem.mysticalagriculture.tier1_inferium_seeds":6,"stat.pickup.minecraft.bone":301,"stat.pickup.minecraft.redstone_torch":2,"stat.craftItem.extrautils2.glasscutter":1,"stat.mineBlock.minecraft.diamond_block":12,"stat.swimOneCm":6495,"stat.pickup.lootbags.itemlootbag":60,"stat.useItem.minecraft.dirt":23,"achievement.exploreAllBiomes":{"value":0,"progress":["Beach","Ocean","River","JungleHills","Taiga","TaigaHills"]},"stat.mineBlock.extrautils2.spike_iron":34,"stat.breakItem.woodenshears.wshears":4,"stat.pickup.minecraft.cobblestone":50,"stat.drop.minecraft.fence":1,"stat.mineBlock.minecraft.redstone_block":9,"stat.useItem.exnihiloadscensio.blockBarrel0":2,"stat.pickup.minecraft.glass_bottle":3,"stat.breakItem.actuallyadditions.itemAxeCrystalBlack":1,"stat.craftItem.minecraft.wooden_slab":528,"stat.craftItem.extrautils2.compresseddirt":14,"stat.useItem.actuallyadditions.blockSmileyCloud":1,"stat.pickup.minecraft.redstone":21,"stat.craftItem.minecraft.book":1,"stat.drop.minecraft.log":3,"stat.pickup.integrateddynamics.on_the_dynamics_of_integration":1,"stat.pickup.minecraft.mutton":5,"chancecubes.chanceIcosahedron":1,"stat.useItem.minecraft.lever":4,"stat.pickup.minecraft.cake":2,"stat.pickup.minecraft.wooden_axe":1,"achievements.xu2.techtree.start":5531,"stat.drop.minecraft.dirt":12,"stat.pickup.integrateddynamics.menrilSapling":5,"stat.pickup.minicoal.miniCoal":3,"stat.pickup.exnihiloadscensio.itemOreSilver":13,"stat.craftItem.tconstruct.slime_boots":2,"stat.craftItem.minecraft.stick":124,"stat.craftItem.mysticalagriculture.inferium_block":29,"stat.craftItem.minecraft.gold_nugget":9,"stat.craftItem.minecraft.stone":64,"stat.mineBlock.minecraft.crafting_table":8,"stat.craftItem.betterbuilderswands.wandIron":2,"stat.mineBlock.minecraft.quartz_block":5,"stat.entityKilledBy.Creeper":22,"achievement.buildFurnace":2,"stat.mineBlock.minecraft.planks":70,"stat.drop":272,"stat.drop.baconators.baconator":1,"stat.useItem.tp.diamond_cobblegen_block":1,"stat.pickup.minecraft.jukebox":1,"stat.killEntity.Sheep":4,"stat.useItem.tconstruct.seared":3,"stat.pickup.minecraft.slime_ball":1,"stat.useItem.minecraft.melon_seeds":4,"stat.pickup.opencomputers.tool":1,"stat.pickup.enderio.itemMaterial":1,"stat.useItem.exnihiloadscensio.itemMaterial":6,"stat.mineBlock.exnihiloadscensio.blockInfestedLeaves":219,"stat.pickup.minecraft.gravel":70,"stat.pickup.exnihiloadscensio.itemSeedSpruce":5,"stat.useItem.minecraft.diamond_axe":811,"stat.breakItem.minecraft.wooden_axe":1,"stat.craftItem.tconstruct.rack":9,"stat.pickup.minecraft.fence":2,"stat.useItem.tconstruct.tooltables":16,"stat.useItem.minecraft.stone_axe":114,"stat.pickup.exnihiloadscensio.itemOreAluminium":14,"stat.pickup.minecraft.spider_eye":11,"stat.craftItem.extrautils2.chickenring":1,"stat.pickup.minecraft.leaves":189,"stat.mineBlock.tconstruct.tooltables":2,"stat.craftItem.exnihiloadscensio.crookWood":12,"stat.mineBlock.minecraft.furnace":2,"stat.pickup.minecraft.reeds":27,"stat.pickup.exnihiloadscensio.itemOreIron":64,"stat.pickup.minecraft.oak_stairs":1,"stat.damageDealt":63061,"stat.craftItem.minecraft.glass":24,"stat.pickup.exnihiloadscensio.itemSeedCarrot":5,"stat.mineBlock.excompressum.heavy_sieve":1,"stat.killEntity.Pig":3,"stat.craftItem.minecraft.iron_sword":1,"stat.walkOneCm":1486742,"stat.craftItem.excompressum.compressed_block":22,"stat.playerKills":14,"stat.pickup.minecraft.stick":16,"stat.pickup.minecraft.clay_ball":80,"stat.craftItem.elevatorid.elevator_white":5,"ftbl.stat.last_seen":{"value":0,"progress":1602099677072},"stat.pickup.mysticalagriculture.inferium_essence":329,"stat.useItem.exnihiloadscensio.blockSieve":3,"stat.pickup.minecraft.stone":3,"stat.craftItem.minecraft.redstone":27,"stat.craftItem.mysticalagriculture.inferium_furnace":2,"stat.killEntity.Skeleton":71,"stat.killEntity.Chicken":2,"stat.killEntity.Spider":38,"stat.craftItem.exnihiloadscensio.blockDust":81,"stat.pickup.exnihiloadscensio.blockDust":92,"stat.craftItem.farmingforblockheads.market":1,"stat.useItem.minecraft.golden_apple":1,"stat.breakItem.minecraft.iron_axe":3,"stat.pickup.minecraft.water_bucket":1,"stat.mineBlock.mob_grinding_utils.fan":4,"stat.mineBlock.minecraft.leaves":1221,"stat.mineBlock.tconstruct.seared":3,"stat.drop.baconators.cluckinator":1,"stat.useItem.mysticalagriculture.inferium_furnace":3,"stat.pickup.minecraft.lava_bucket":1,"stat.mineBlock.minecraft.stone":2,"stat.useItem.darkutils.trap_move":114}