{"stat.pickup.tconstruct.book":1,"stat.pickup.minecraft.wooden_slab":142,"stat.leaveGame":6,"stat.craftItem.mysticalagriculture.infusion_crystal":1,"stat.pickup.tconstruct.edible":1,"stat.pickup.actuallyadditions.itemCrafterOnAStick":1,"stat.pickup.gravestone.death_info":9,"stat.pickup.mob_grinding_utils.saw":2,"stat.craftItem.minecraft.ender_eye":3,"stat.useItem.minecraft.planks":1416,"stat.useItem.fluxnetworks.FluxPlug":2,"stat.useItem.chancecubes.chance_Cube":2,"stat.pickup.simpleachievements.achievement_book":1,"stat.pickup.minecraft.glowstone_dust":1,"stat.useItem.minecraft.water_bucket":78,"achievement.overpowered":2,"stat.pickup.bloodmagic.ItemSacrificialDagger":1,"stat.pickup.minecraft.rotten_flesh":43,"stat.pickup.minecraft.sand":4,"stat.pickup.darkutils.trap_move":4,"stat.craftItem.mob_grinding_utils.saw":1,"stat.entityKilledBy.Spider":1,"stat.breakItem.exnihiloadscensio.hammerWood":1,"stat.pickup.minecraft.bucket":3,"stat.killEntity.Enderman":4,"stat.mineBlock.minecraft.wooden_slab":78,"stat.pickup.minecraft.leather_boots":2,"stat.pickup.roots.oldRoot":1,"stat.mineBlock.minecraft.sand":4,"achievement.buildPickaxe":2,"stat.killEntity.Witch":1,"stat.craftItem.exnihiloadscensio.blockBarrel0":1,"achievement.buildBetterPickaxe":2,"stat.craftItem.extrautils2.machine":1,"stat.useItem.minecraft.fence_gate":8,"stat.hopperInspected":5,"stat.useItem.minecraft.spawn_egg":1,"stat.craftItem.mysticalagriculture.inferium_apple":12,"stat.pickup.excompressum.heavy_sieve":2,"stat.pickup.exnihiloadscensio.itemSeedAcacia":6,"stat.useItem.excompressum.heavy_sieve":2,"stat.drop.gravestone.death_info":1,"stat.mineBlock.minecraft.hopper":3,"stat.useItem.minecraft.oak_stairs":223,"stat.furnaceInteraction":49,"stat.useItem.minecraft.pumpkin_seeds":20,"stat.craftItem.minecraft.pumpkin_seeds":12,"stat.craftItem.exnihiloadscensio.itemMesh":3,"stat.mineBlock.chancecubes.chance_Cube":2,"stat.mineBlock.harvestcraft.pamApple":7,"stat.pickup.minecraft.sponge":1,"stat.pickup.minecraft.fence_gate":4,"stat.pickup.simplegenerators.culinary_generator":1,"achievement.actuallyadditions.nameSmileyCloud":2,"achievement.mineWood":92,"stat.craftItem.mysticalagriculture.prudentium_essence":67,"stat.useItem.minecraft.fence":557,"stat.pickup.mysticalagriculture.tier1_inferium_seeds":23,"achievement.openInventory":721,"achievement.environmentaltech.open_guide":1,"stat.mineBlock.minecraft.fence":36,"stat.craftItem.minecraft.fence_gate":97,"stat.useItem.minecraft.wheat_seeds":10,"stat.pickup.minecraft.pumpkin_seeds":4,"stat.useItem.minecraft.hopper":5,"stat.useItem.minecraft.dye":114,"stat.mineBlock.minecraft.oak_stairs":2,"stat.pickup.minecraft.lever":1,"stat.deaths":91,"stat.craftItem.minecraft.melon_seeds":24,"stat.playOneMinute":1095465,"stat.pickup.tconstruct.rack":1,"stat.craftItem.minecraft.diamond_block":2,"stat.craftItem.extrabitmanipulation.bodypart_template":28,"stat.pickup.natura.overworld_seeds":1,"stat.mineBlock.minecraft.tallgrass":92,"stat.craftItem.darkutils.trap_move":40,"stat.pickup.exnihiloadscensio.itemMesh":4,"stat.chestOpened":814,"stat.pickup.minecraft.pumpkin":24,"stat.useItem.actuallyadditions.itemHoeQuartz":152,"stat.pickup.minecraft.arrow":14,"stat.useItem.mysticalagriculture.prudentium_apple":11,"stat.useItem.minecraft.clay":4,"stat.craftItem.mob_grinding_utils.spikes":4,"stat.fallOneCm":73558,"stat.pickup.botania.lexicon":1,"stat.useItem.mob_grinding_utils.saw":4,"stat.pickup.minecraft.carrot":1,"stat.pickup.minecraft.melon_seeds":4,"stat.crouchOneCm":89648,"stat.pickup.mysticalagriculture.prudentium_apple":1,"stat.craftItem.minecraft.diamond":45,"stat.craftItem.minecraft.iron_ingot":76,"stat.craftItem.minecraft.chest":7,"stat.mineBlock.minecraft.lever":1,"stat.entityKilledBy.headcrumbs.Human":6,"stat.pickup.minecraft.melon":202,"stat.craftItem.minecraft.hopper":3,"stat.mineBlock.tconstruct.rack":5,"stat.mineBlock.exnihiloadscensio.blockBarrel0":3,"stat.pickup.exnihiloadscensio.itemMaterial":9,"stat.useItem.minecraft.furnace":1,"stat.pickup.exnihiloadscensio.itemSeedDarkOak":4,"stat.pickup.minecraft.dye":10,"stat.pickup.minecraft.planks":132,"stat.craftItem.extrautils2.ingredients":1,"stat.pickup.minecraft.wheat_seeds":89,"stat.mineBlock.minecraft.gravel":4,"stat.mineBlock.minecraft.glass":6,"stat.pickup.mob_grinding_utils.fan":1,"stat.craftItem.minecraft.oak_stairs":64,"stat.useItem.exnihiloadscensio.hammerWood":65,"stat.mineBlock.minecraft.dirt":170,"stat.useItem.minecraft.torch":335,"stat.useItem.minecraft.log":2677,"stat.useItem.minecraft.cobblestone":5,"stat.craftItem.minecraft.crafting_table":3,"stat.useItem.minecraft.gravel":4,"stat.mineBlock.minecraft.double_plant":2,"stat.pickup.minecraft.log":239,"stat.craftItem.mob_grinding_utils.fan":4,"stat.pickup.minecraft.web":1,"stat.drop.minecraft.sapling":1,"stat.pickup.minecraft.hopper":3,"stat.pickup.actuallyadditions.itemSwordObsidian":2,"stat.pickup.minecraft.sapling":57,"stat.pickup.exnihiloadscensio.itemOreCopper":1,"stat.pickup.minecraft.wooden_door":4,"stat.entityKilledBy.Enderman":2,"stat.pickup.minecraft.apple":23,"stat.drop.minecraft.melon_seeds":1,"stat.craftItem.immersiveengineering.tool":1,"stat.pickup.actuallyadditions.itemMisc":1,"stat.craftItem.minecraft.bucket":1,"stat.craftItem.minecraft.planks":2674,"stat.itemEnchanted":5,"stat.useItem.simplegenerators.culinary_generator":6,"stat.drop.mysticalagriculture.prudentium_apple":2,"stat.mineBlock.fluxnetworks.FluxPoint":5,"stat.mineBlock.minecraft.log":166,"ftbl.stat.first_joined":{"value":0,"progress":1602011943008},"stat.drop.actuallyadditions.itemSwordObsidian":1,"stat.craftItem.woodenshears.wshears":3,"stat.pickup.tconstruct.slime_boots":1,"stat.pickup.minecraft.red_flower":7,"stat.sneakTime":36498,"stat.craftItem.mysticalagriculture.prudentium_apple":12,"stat.useItem.minecraft.wooden_axe":98,"stat.pickup.minecraft.yellow_flower":7,"stat.craftItem.minecraft.cobblestone":5,"stat.useItem.mysticalagriculture.tier1_inferium_seeds":96,"stat.mineBlock.darkutils.trap_move":4,"stat.pickup.minecraft.bone":22,"stat.pickup.exnihiloadscensio.blockBarrel0":2,"stat.killEntity.headcrumbs.Human":10,"stat.pickup.minecraft.redstone_torch":4,"stat.mineBlock.minecraft.cobblestone":5,"stat.mineBlock.minecraft.pumpkin":24,"stat.craftItem.tconstruct.edible":8,"stat.mineBlock.minecraft.yellow_flower":7,"stat.useItem.minecraft.diamond_sword":18,"stat.swimOneCm":34272,"achievement.buildWorkBench":4,"stat.useItem.exnihiloadscensio.crookWood":129,"stat.pickup.lootbags.itemlootbag":6,"stat.useItem.fluxnetworks.FluxPoint":7,"stat.useItem.minecraft.dirt":655,"achievement.exploreAllBiomes":{"value":0,"progress":["Beach","Ocean","River","Taiga","TaigaHills"]},"stat.craftItem.minecraft.furnace":5,"stat.breakItem.woodenshears.wshears":2,"stat.useItem.mob_grinding_utils.fan":3,"stat.pickup.minecraft.cobblestone":2576,"stat.mineBlock.minecraft.clay":4,"stat.flyOneCm":2062495,"stat.useItem.exnihiloadscensio.blockBarrel0":3,"stat.pickup.minecraft.clay":1,"stat.useItem.fluxnetworks.FluxStorage":1,"stat.craftItem.minecraft.wooden_slab":1062,"stat.timeSinceDeath":8032,"stat.drop.minecraft.log":2,"stat.useItem.minecraft.wooden_slab":601,"stat.pickup.integrateddynamics.on_the_dynamics_of_integration":2,"stat.craftItem.minecraft.iron_block":3,"stat.killEntity.Bat":1,"stat.craftItem.exnihiloadscensio.hammerWood":1,"stat.useItem.minecraft.lever":5,"achievements.xu2.techtree.start":20,"stat.killEntity.Creeper":2,"stat.pickup.minecraft.string":47,"stat.entityKilledBy.Skeleton":2,"achievement.buildSword":13,"stat.craftItem.tconstruct.tooltables":3,"stat.craftItem.excompressum.heavy_sieve":1,"stat.sprintOneCm":1530436,"stat.useItem.harvestcraft.apple_sapling":1,"stat.craftItem.minecraft.stick":1033,"stat.craftItem.minecraft.wooden_axe":2,"stat.mineBlock.extrautils2.machine":2,"stat.craftItem.minecraft.stone":26,"stat.craftItem.mysticalagriculture.tier1_inferium_seeds":79,"stat.useItem.minecraft.diamond_pickaxe":25,"stat.useItem.minecraft.carrot":1,"stat.pickup.minecraft.leather_leggings":1,"achievement.killEnemy":27,"achievement.buildFurnace":2,"stat.mineBlock.minecraft.planks":411,"stat.drop":9,"stat.craftItem.excompressum.wooden_crucible":4,"stat.craftItem.minecraft.diamond_pickaxe":1,"stat.useItem.minecraft.melon_seeds":27,"stat.killEntity.Zombie":7,"stat.pickup.opencomputers.tool":2,"stat.craftItem.minecraft.dye":51,"stat.useItem.minecraft.birch_stairs":859,"stat.craftItem.minecraft.diamond_axe":1,"stat.diveOneCm":28476,"stat.pickup.minecraft.wheat":96,"stat.pickup.tconstruct.tooltables":3,"stat.useItem.exnihiloadscensio.itemMaterial":6,"stat.pickup.extrautils2.machine":3,"stat.useItem.excompressum.auto_sieve":5,"stat.mineBlock.simplegenerators.culinary_generator":1,"stat.useItem.extrautils2.machine":3,"stat.mineBlock.exnihiloadscensio.blockInfestedLeaves":78,"stat.pickup.minecraft.gravel":4,"stat.pickup.exnihiloadscensio.itemSeedSpruce":2,"stat.useItem.minecraft.diamond_axe":580,"stat.useItem.simpleachievements.achievement_stand":1,"stat.craftItem.fluxnetworks.FluxPoint":4,"stat.useItem.minecraft.apple":6,"stat.breakItem.minecraft.wooden_axe":1,"stat.mineBlock.mob_grinding_utils.saw":2,"stat.pickup.exnihiloadscensio.itemPebble":143,"stat.useItem.actuallyadditions.itemSwordObsidian":82,"stat.pickup.minecraft.diamond_sword":1,"stat.useItem.woodenshears.wshears":102,"stat.craftItem.minecraft.diamond_sword":4,"stat.pickup.baconators.cluckinator":1,"stat.jump":2252,"stat.useItem.minecraft.sand":4,"stat.pickup.minecraft.fence":33,"stat.useItem.tconstruct.tooltables":5,"stat.craftItem.minecraft.lever":16,"stat.pickup.minecraft.gunpowder":10,"stat.pickup.minecraft.spider_eye":3,"stat.pickup.minecraft.dirt":104,"stat.breakItem.minecraft.leather_chestplate":1,"stat.useItem.minecraft.glass":471,"stat.mineBlock.excompressum.wooden_crucible":3,"stat.useItem.minecraft.sapling":12,"stat.pickup.minecraft.leaves":64,"stat.mineBlock.tconstruct.tooltables":4,"stat.damageTaken":21527,"stat.craftItem.exnihiloadscensio.crookWood":1,"stat.mineBlock.minecraft.torch":53,"stat.mineBlock.minecraft.melon_block":38,"stat.mineBlock.minecraft.red_flower":7,"stat.pickup.fluxnetworks.FluxPoint":5,"stat.pickup.minecraft.written_book":2,"stat.pickup.immersiveengineering.metal":1,"stat.drop.minecraft.water_bucket":1,"stat.craftItem.extrautils2.spike_diamond":4,"stat.pickup.minecraft.reeds":2,"stat.mineBlock.minecraft.fence_gate":5,"stat.pickup.minecraft.oak_stairs":4,"stat.entityKilledBy.Zombie":2,"stat.pickup.minecraft.diamond_axe":1,"stat.craftItem.exnihiloadscensio.blockSieve":1,"stat.damageDealt":10143,"stat.pickup.environmentaltech.digital_guide":1,"stat.mineBlock.excompressum.heavy_sieve":2,"stat.craftItem.minecraft.iron_sword":4,"stat.craftItem.minecraft.stone_slab":30,"stat.walkOneCm":1518190,"stat.animalsBred":1,"stat.playerKills":3,"stat.useItem.minecraft.chest":2,"stat.pickup.minecraft.stick":3,"stat.pickup.minecraft.clay_ball":16,"stat.mineBlock.exnihiloadscensio.blockSieve":1,"ftbl.stat.last_seen":{"value":0,"progress":1602099677083},"stat.pickup.harvestcraft.donutItem":1,"stat.pickup.mysticalagriculture.inferium_essence":965,"stat.pickup.actuallyadditions.itemWorm":5,"stat.useItem.minecraft.melon":23,"stat.useItem.exnihiloadscensio.blockSieve":2,"stat.pickup.exnihiloadscensio.blockSieve":1,"stat.pickup.minecraft.ender_pearl":1,"stat.killEntity.Skeleton":5,"stat.killEntity.Spider":10,"stat.craftItem.exnihiloadscensio.blockDust":576,"stat.pickup.exnihiloadscensio.blockDust":4,"stat.mobKills":45,"stat.pickup.baconators.baconator":1,"stat.useItem.excompressum.wooden_crucible":6,"stat.craftItem.minecraft.fence":918,"stat.pickup.excompressum.wooden_crucible":3,"stat.useItem.minecraft.golden_apple":2,"stat.mineBlock.mob_grinding_utils.fan":1,"stat.mineBlock.minecraft.leaves":1122,"stat.pickup.minecraft.torch":71,"stat.useItem.betterbuilderswands.wandUnbreakable":195,"stat.breakItem.exnihiloadscensio.crookWood":1,"stat.useItem.darkutils.trap_move":44}