{"stat.pickup.tp.diamond_cobblegen_block":1,"stat.pickup.minecraft.wooden_slab":147,"stat.leaveGame":4,"stat.drop.mysticalagriculture.inferium_essence":1,"stat.craftItem.minecraft.iron_axe":1,"stat.pickup.gravestone.death_info":14,"stat.mineBlock.farmingforblockheads.market":3,"stat.useItem.minecraft.planks":698,"stat.pickup.minecraft.rotten_flesh":8,"stat.pickup.minecraft.sand":52,"stat.craftItem.minecraft.stone_axe":7,"stat.pickup.minecraft.name_tag":2,"stat.mineBlock.minecraft.wooden_slab":132,"stat.pickup.minecraft.leather_boots":2,"stat.craftItem.minecraft.stone_sword":1,"stat.pickup.minecraft.brown_mushroom":3,"achievement.buildPickaxe":4,"stat.useItem.harvestcraft.donutItem":1,"achievement.buildBetterPickaxe":4,"stat.pickup.extrautils2.endershard":6,"stat.pickup.excompressum.heavy_sieve":3,"stat.useItem.excompressum.heavy_sieve":2,"stat.drop.gravestone.death_info":46,"stat.useItem.minecraft.oak_stairs":26,"stat.furnaceInteraction":29,"stat.pickup.harvestcraft.juicerItem":1,"achievement.mineWood":119,"stat.useItem.minecraft.fence":61,"stat.mineBlock.tp.diamond_cobblegen_block":1,"achievement.openInventory":211,"stat.mineBlock.minecraft.fence":20,"stat.pickup.minecraft.pumpkin_seeds":1,"stat.craftItem.moarsigns.moar_sign":75,"stat.mineBlock.minecraft.oak_stairs":5,"stat.deaths":52,"stat.useItem.exnihiloadscensio.hammerStone":109,"stat.playOneMinute":286269,"stat.pickup.tconstruct.rack":1,"stat.drop.minecraft.string":4,"stat.drop.minecraft.torch":3,"stat.pickup.exnihiloadscensio.itemMesh":4,"stat.chestOpened":373,"stat.useItem.moarsigns.moar_sign":18,"stat.pickup.minecraft.arrow":7,"stat.pickup.packingtape.itemTape":4,"stat.pickup.moarsigns.moar_sign":2,"stat.craftItem.minecraft.coal":15,"stat.fallOneCm":109960,"stat.crouchOneCm":139674,"achievement.killCow":1,"stat.mineBlock.minecraft.chest":8,"stat.craftItem.minecraft.chest":64,"stat.drop.betterbuilderswands.wandIron":1,"stat.pickup.minecraft.red_mushroom":1,"stat.entityKilledBy.headcrumbs.Human":1,"stat.craftingTableInteraction":6,"stat.useItem.farmingforblockheads.market":3,"stat.mineBlock.tconstruct.rack":1,"stat.mineBlock.exnihiloadscensio.blockBarrel0":3,"stat.drop.minecraft.bone":4,"stat.pickup.excompressum.wood_chippings":14,"stat.pickup.minecraft.dye":68,"stat.pickup.minecraft.planks":299,"stat.pickup.minecraft.wheat_seeds":2,"stat.mineBlock.minecraft.gravel":55,"stat.useItem.minecraft.stone_pickaxe":1,"stat.breakItem.minecraft.stone_axe":1,"stat.mineBlock.minecraft.glass":8,"stat.useItem.minecraft.stone_sword":56,"stat.craftItem.minecraft.oak_stairs":52,"stat.mineBlock.minecraft.dirt":207,"stat.drop.excompressum.wood_chippings":10,"stat.useItem.minecraft.torch":105,"stat.useItem.minecraft.log":456,"stat.useItem.minecraft.cobblestone":54,"stat.craftItem.minecraft.crafting_table":18,"stat.useItem.minecraft.gravel":61,"stat.pickup.harvestcraft.boiledeggItem":1,"stat.pickup.minecraft.log":154,"stat.drop.minecraft.sapling":12,"stat.pickup.minecraft.sapling":18,"stat.pickup.minecraft.banner":2,"stat.breakItem.minecraft.stone_shovel":1,"stat.pickup.actuallyadditions.itemMisc":5,"stat.craftItem.minecraft.planks":2308,"ftbl.stat.first_joined":{"value":0,"progress":1602012713855},"stat.mineBlock.minecraft.log":122,"stat.sneakTime":37953,"stat.useItem.minecraft.wooden_axe":11,"stat.pickup.minecraft.chest":7,"stat.pickup.minecraft.bone":6,"stat.pickup.exnihiloadscensio.blockBarrel0":3,"stat.killEntity.headcrumbs.Human":1,"stat.useItem.minecraft.iron_axe":205,"stat.mineBlock.minecraft.cobblestone":54,"stat.pickup.chesttransporter.chesttransporter":1,"stat.swimOneCm":810,"achievement.buildWorkBench":36,"stat.useItem.exnihiloadscensio.crookWood":18,"stat.useItem.minecraft.dirt":242,"stat.pickup.minecraft.bow":1,"achievement.exploreAllBiomes":{"value":0,"progress":["Beach","Ocean","River","Taiga","TaigaHills"]},"stat.craftItem.minecraft.stone_pickaxe":2,"stat.pickup.minecraft.cobblestone":129,"stat.drop.minecraft.fence":1,"stat.useItem.minecraft.stone_shovel":197,"stat.flyOneCm":352477,"stat.useItem.exnihiloadscensio.blockBarrel0":2,"stat.pickup.minecraft.clay":18,"stat.drop.minecraft.wheat_seeds":2,"stat.craftItem.minecraft.wooden_slab":714,"stat.timeSinceDeath":13137,"stat.pickup.integrateddynamics.on_the_dynamics_of_integration":1,"stat.useItem.minecraft.wooden_slab":967,"stat.useItem.tconstruct.rack":1,"stat.pickup.darkutils.mystery_potion":1,"stat.pickup.minecraft.string":117,"stat.pickup.actuallyadditions.itemSwordQuartz":1,"stat.useItem.tconstruct.edible":1,"stat.craftItem.tconstruct.slime_boots":1,"stat.entityKilledBy.Skeleton":1,"achievement.buildSword":2,"stat.sprintOneCm":297348,"stat.pickup.minecraft.paper":6,"stat.craftItem.minecraft.stick":272,"stat.craftItem.minecraft.wooden_axe":1,"stat.useItem.minecraft.snowball":1,"achievement.killEnemy":4,"stat.mineBlock.minecraft.planks":123,"stat.drop":88,"stat.useItem.tp.diamond_cobblegen_block":1,"stat.pickup.minecraft.slime_ball":34,"stat.killEntity.Zombie":3,"stat.pickup.minecraft.snowball":1,"stat.pickup.actuallyadditions.blockSmileyCloud":1,"stat.pickup.harvestcraft.barleyItem":8,"stat.pickup.minecraft.wheat":1,"stat.pickup.tconstruct.tooltables":7,"stat.pickup.enderio.itemMaterial":8,"stat.craftItem.exnihiloadscensio.hammerStone":1,"stat.pickup.minecraft.gravel":61,"stat.useItem.minecraft.diamond_axe":26,"stat.jump":2090,"stat.pickup.actuallyadditions.itemHairyBall":1,"stat.pickup.minecraft.fence":18,"stat.useItem.tconstruct.tooltables":7,"stat.pickup.minecraft.iron_ingot":6,"stat.useItem.minecraft.stone_axe":222,"stat.pickup.minecraft.gunpowder":6,"stat.craftItem.minecraft.torch":172,"stat.pickup.minecraft.dirt":153,"stat.pickup.farmingforblockheads.market":3,"stat.pickup.betterbuilderswands.wandStone":1,"stat.useItem.minecraft.glass":51,"stat.mineBlock.excompressum.wooden_crucible":4,"stat.pickup.minecraft.leaves":1,"stat.mineBlock.tconstruct.tooltables":7,"stat.pickup.minecraft.cookie":3,"stat.damageTaken":12530,"stat.pickup.minecraft.leather":3,"stat.craftItem.exnihiloadscensio.crookWood":1,"stat.mineBlock.minecraft.torch":29,"stat.pickup.minecraft.prismarine_crystals":7,"stat.pickup.tconstruct.materials":3,"stat.pickup.minecraft.oak_stairs":3,"stat.pickup.minecraft.diamond_axe":1,"stat.damageDealt":3130,"stat.craftItem.minecraft.glass":52,"stat.useItem.minecraft.crafting_table":10,"stat.mineBlock.excompressum.heavy_sieve":3,"stat.craftItem.minecraft.stone_shovel":4,"stat.walkOneCm":963830,"stat.playerKills":3,"stat.useItem.minecraft.chest":58,"stat.pickup.minecraft.stick":14,"stat.pickup.minecraft.diamond_pickaxe":1,"stat.mineBlock.exnihiloadscensio.blockSieve":2,"ftbl.stat.last_seen":{"value":0,"progress":1602099677092},"stat.drop.minecraft.diamond_axe":1,"stat.pickup.mysticalagriculture.inferium_essence":3,"stat.useItem.exnihiloadscensio.blockSieve":1,"stat.pickup.exnihiloadscensio.blockSieve":2,"stat.pickup.minecraft.ender_pearl":2,"stat.useItem.minecraft.leaves":21,"stat.drop.minecraft.wooden_slab":1,"stat.killEntity.Skeleton":3,"stat.killEntity.Spider":3,"stat.pickup.exnihiloadscensio.blockDust":3,"stat.mobKills":11,"stat.craftItem.minecraft.fence":75,"stat.useItem.excompressum.wooden_crucible":2,"stat.pickup.excompressum.wooden_crucible":4,"stat.breakItem.minecraft.iron_axe":1,"stat.mineBlock.minecraft.leaves":12,"stat.pickup.minecraft.torch":44,"stat.drop.minecraft.arrow":2}