{"stat.pickup.minecraft.bone":3,"stat.killEntity.headcrumbs.Human":5,"stat.pickup.minecraft.wooden_slab":3,"stat.horseOneCm":5400,"stat.leaveGame":3,"stat.mineBlock.minecraft.cobblestone":354,"stat.craftItem.tconstruct.faucet":2,"stat.useItem.minecraft.diamond_sword":1,"stat.pickup.gravestone.death_info":33,"stat.swimOneCm":976,"stat.useItem.minecraft.planks":4,"stat.pickup.lootbags.itemlootbag":2,"achievement.exploreAllBiomes":{"value":0,"progress":["Beach","Ocean","River","Taiga","TaigaHills"]},"stat.pickup.lootbags.loot_recycler":2,"stat.useItem.minecraft.water_bucket":3,"stat.pickup.minecraft.rotten_flesh":3,"stat.pickup.minecraft.sand":150,"stat.craftItem.minecraft.furnace":4,"stat.pickup.darkutils.focus_sash":1,"stat.craftItem.minecraft.stone_axe":1,"stat.craftItem.minecraft.stone_pickaxe":1,"stat.pickup.minecraft.cobblestone":95,"stat.craftItem.tconstruct.casting":2,"stat.mineBlock.minecraft.wooden_slab":4,"stat.pickup.minecraft.leather_boots":2,"stat.craftItem.bigreactors.ingotmetals":1,"stat.flyOneCm":317024,"stat.pickup.minecraft.clay":7,"stat.useItem.actuallyadditions.itemPickaxeObsidian":11,"stat.pickup.tconstruct.piggybackpack":1,"stat.pickup.minecraft.brown_mushroom":3,"stat.mineBlock.minecraft.sand":45,"stat.craftItem.extrautils2.grocket":4,"stat.pickup.actuallyadditions.itemBooklet":1,"stat.timeSinceDeath":167,"stat.hopperInspected":16,"stat.useItem.lootbags.loot_opener":3,"stat.drop.minecraft.log":18,"stat.pickup.integrateddynamics.on_the_dynamics_of_integration":1,"stat.useItem.minecraft.wooden_slab":3,"stat.pickup.minicoal.miniCharcoal":4,"stat.drop.gravestone.death_info":22,"stat.craftItem.tconstruct.seared":33,"stat.furnaceInteraction":140,"stat.pickup.refinedstorage.quartz_enriched_iron":5,"stat.craftItem.tconstruct.soil":200,"stat.useItem.extrautils2.pipe":13,"stat.useItem.tconstruct.edible":1,"stat.craftItem.tconstruct.slime_boots":1,"stat.entityKilledBy.Skeleton":1,"achievement.actuallyadditions.nameSmileyCloud":7,"achievement.mineWood":19,"stat.breakItem.exnihiloadscensio.hammerStone":4,"stat.sprintOneCm":309053,"stat.useItem.minecraft.fence":2,"stat.craftItem.minecraft.stick":24,"achievement.openInventory":205,"stat.craftItem.minecraft.stone":19,"stat.mineBlock.minecraft.fence":2,"stat.useItem.tconstruct.casting":2,"stat.craftItem.moarsigns.moar_sign":3,"stat.useItem.tconstruct.seared_tank":2,"stat.deaths":43,"stat.mineBlock.minecraft.planks":17,"stat.useItem.tconstruct.smeltery_io":2,"stat.drop":60,"stat.mineBlock.simpleachievements.achievement_stand":1,"stat.playOneMinute":187977,"stat.useItem.exnihiloadscensio.hammerStone":563,"stat.pickup.tconstruct.rack":1,"stat.useItem.tp.diamond_cobblegen_block":1,"stat.useItem.tconstruct.seared":44,"stat.pickup.minecraft.slime_ball":1,"stat.killEntity.Zombie":1,"stat.drop.opencomputers.tool":1,"stat.pickup.opencomputers.tool":1,"stat.drop.minecraft.torch":10,"stat.craftItem.minecraft.clay":18,"stat.craftItem.lootbags.loot_recycler":1,"stat.craftItem.minecraft.slime_ball":8,"stat.pickup.minecraft.wheat":4,"stat.pickup.tconstruct.seared":16,"stat.chestOpened":277,"stat.pickup.enderio.itemMaterial":1,"stat.craftItem.exnihiloadscensio.hammerStone":5,"stat.pickup.minecraft.gravel":255,"stat.pickup.minecraft.arrow":2,"stat.useItem.simpleachievements.achievement_stand":2,"stat.pickup.minecraft.stone_axe":1,"stat.drop.lootbags.itemlootbag":29,"stat.craftItem.actuallyadditions.itemCrafterOnAStick":1,"stat.pickup.exnihiloadscensio.itemPebble":75,"stat.jump":1476,"stat.useItem.minecraft.sand":45,"stat.pickup.minecraft.fence":1,"stat.fallOneCm":74996,"stat.useItem.minecraft.stone_axe":74,"stat.crouchOneCm":11014,"stat.craftItem.simpleachievements.achievement_stand":1,"stat.mineBlock.minecraft.chest":5,"stat.craftItem.minecraft.chest":2,"stat.entityKilledBy.headcrumbs.Human":4,"stat.mineBlock.lootbags.loot_recycler":3,"stat.mineBlock.tconstruct.rack":1,"stat.pickup.minecraft.cookie":4,"stat.useItem.lootbags.loot_recycler":3,"stat.damageTaken":10680,"stat.pickup.minecraft.leather":2,"stat.drop.minecraft.bone":3,"stat.mineBlock.minecraft.torch":4,"stat.useItem.minecraft.furnace":4,"stat.pickup.excompressum.wood_chippings":13,"stat.craftItem.tconstruct.materials":182,"stat.pickup.minecraft.planks":3,"stat.mineBlock.lootbags.loot_opener":2,"stat.pickup.tconstruct.materials":6,"stat.mineBlock.minecraft.gravel":153,"stat.craftItem.tconstruct.seared_tank":2,"stat.useItem.minecraft.stone_pickaxe":33,"stat.craftItem.tconstruct.slime_congealed":4,"stat.damageDealt":2224,"stat.craftItem.minecraft.glass":5,"stat.pickup.simpleachievements.achievement_stand":1,"stat.craftItem.extrautils2.pipe":16,"stat.craftItem.minecraft.stone_slab":6,"stat.walkOneCm":362343,"stat.useItem.minecraft.torch":2,"stat.craftItem.tconstruct.smeltery_io":2,"stat.playerKills":5,"stat.useItem.minecraft.chest":7,"stat.useItem.extrautils2.grocket":7,"stat.useItem.minecraft.log":31,"stat.useItem.minecraft.cobblestone":354,"stat.craftItem.minecraft.crafting_table":1,"stat.craftItem.extrautils2.filter":2,"stat.useItem.minecraft.gravel":153,"stat.pickup.extrautils2.grocket":1,"ftbl.stat.last_seen":{"value":0,"progress":1602080208157},"stat.pickup.mysticalagriculture.inferium_essence":4,"stat.pickup.minecraft.log":48,"stat.useItem.tconstruct.faucet":2,"stat.pickup.lootbags.loot_opener":2,"stat.craftItem.lootbags.loot_opener":1,"stat.pickup.minecraft.chicken":3,"stat.craftItem.minecraft.redstone":9,"stat.useItem.actuallyadditions.itemAxeObsidian":21,"stat.craftItem.tconstruct.smeltery_controller":1,"stat.drop.exnihiloadscensio.itemPebble":64,"stat.craftItem.minecraft.planks":40,"stat.pickup.exnihiloadscensio.blockDust":44,"stat.mobKills":8,"ftbl.stat.first_joined":{"value":0,"progress":1602024684657},"stat.mineBlock.minecraft.log":53,"stat.craftItem.minecraft.fence":3,"stat.pickup.minecraft.torch":15,"stat.mineBlock.tconstruct.seared":16,"stat.sneakTime":4782,"stat.drop.minecraft.bucket":2,"stat.drop.minecraft.stone_axe":1,"stat.pickup.extrautils2.pipe":2,"stat.useItem.tconstruct.smeltery_controller":1,"stat.pickup.minecraft.chest":2}